id,int_value,float_value,bool_value,text_value,date_value,timestamp_value,decimal_value
1,1,9.983342,true,武汉,2026-01-02,2026-01-01T00:07:00Z,0.01
2,2,19.866933,false,São Paulo,2026-01-03,2026-01-01T00:14:00Z,0.02
3,3,29.552021,true,München,2026-01-04,2026-01-01T00:21:00Z,0.03
4,4,38.941834,false,東京,2026-01-05,2026-01-01T00:28:00Z,0.04
5,5,47.942554,true,🙂,2026-01-06,2026-01-01T00:35:00Z,0.05
6,6,56.464247,false,北京,2026-01-07,2026-01-01T00:42:00Z,0.06
7,7,64.421769,true,武汉,2026-01-08,2026-01-01T00:49:00Z,0.07
8,8,71.735609,false,São Paulo,2026-01-09,2026-01-01T00:56:00Z,0.08
9,9,78.332691,true,München,2026-01-10,2026-01-01T01:03:00Z,0.09
10,10,84.147098,false,東京,2026-01-11,2026-01-01T01:10:00Z,0.10
11,11,89.120736,true,🙂,2026-01-12,2026-01-01T01:17:00Z,0.11
12,12,93.203909,false,北京,2026-01-13,2026-01-01T01:24:00Z,0.12
13,13,96.355819,true,武汉,2026-01-14,2026-01-01T01:31:00Z,0.13
14,14,98.544973,false,São Paulo,2026-01-15,2026-01-01T01:38:00Z,0.14
15,15,99.749499,true,München,2026-01-16,2026-01-01T01:45:00Z,0.15
16,16,99.95736,false,東京,2026-01-17,2026-01-01T01:52:00Z,0.16
17,,99.166481,true,🙂,2026-01-18,2026-01-01T01:59:00Z,0.17
18,18,97.384763,false,北京,2026-01-19,2026-01-01T02:06:00Z,0.18
19,19,,true,武汉,2026-01-20,2026-01-01T02:13:00Z,0.19
20,20,90.929743,false,São Paulo,2026-01-21,2026-01-01T02:20:00Z,0.20
21,21,86.320937,true,München,2026-01-22,2026-01-01T02:27:00Z,0.21
22,22,80.84964,false,東京,2026-01-23,2026-01-01T02:34:00Z,0.22
23,23,74.570521,true,🙂,2026-01-24,2026-01-01T02:41:00Z,0.23
24,24,67.546318,false,北京,2026-01-25,2026-01-01T02:48:00Z,0.24
25,25,59.847214,true,武汉,2026-01-26,2026-01-01T02:55:00Z,0.25
26,26,51.550137,false,São Paulo,2026-01-27,2026-01-01T03:02:00Z,0.26
27,27,42.737988,true,München,2026-01-28,2026-01-01T03:09:00Z,0.27
28,28,33.498815,false,東京,2026-01-29,2026-01-01T03:16:00Z,0.28
29,29,23.924933,true,🙂,2026-01-30,2026-01-01T03:23:00Z,0.29
30,30,14.112001,false,北京,2026-01-31,2026-01-01T03:30:00Z,0.30
31,31,4.158066,true,武汉,2026-02-01,2026-01-01T03:37:00Z,0.31
32,32,-5.837414,false,São Paulo,2026-02-02,2026-01-01T03:44:00Z,0.32
33,33,-15.774569,true,München,2026-02-03,2026-01-01T03:51:00Z,0.33
34,,-25.55411,false,東京,2026-02-04,2026-01-01T03:58:00Z,0.34
35,35,-35.078323,true,🙂,2026-02-05,2026-01-01T04:05:00Z,0.35
36,36,-44.252044,false,北京,2026-02-06,2026-01-01T04:12:00Z,0.36
37,37,-52.983614,true,武汉,2026-02-07,2026-01-01T04:19:00Z,0.37
38,38,,false,São Paulo,2026-02-08,2026-01-01T04:26:00Z,0.38
39,39,-68.776616,true,München,2026-02-09,2026-01-01T04:33:00Z,0.39
40,40,-75.68025,false,東京,2026-02-10,2026-01-01T04:40:00Z,0.40
41,41,-81.827711,true,🙂,2026-02-11,2026-01-01T04:47:00Z,0.41
42,42,-87.157577,false,北京,2026-02-12,2026-01-01T04:54:00Z,0.42
43,43,-91.616594,true,武汉,2026-02-13,2026-01-01T05:01:00Z,0.43
44,44,-95.160207,false,São Paulo,2026-02-14,2026-01-01T05:08:00Z,0.44
45,45,-97.753012,true,München,2026-02-15,2026-01-01T05:15:00Z,0.45
46,46,-99.3691,false,東京,2026-02-16,2026-01-01T05:22:00Z,0.46
47,47,-99.992326,true,🙂,2026-02-17,2026-01-01T05:29:00Z,0.47
48,48,-99.616461,false,北京,2026-02-18,2026-01-01T05:36:00Z,0.48
49,49,-98.245261,true,武汉,2026-02-19,2026-01-01T05:43:00Z,0.49
50,50,-95.892427,false,São Paulo,2026-02-20,2026-01-01T05:50:00Z,0.50
51,,-92.581468,true,München,2026-02-21,2026-01-01T05:57:00Z,0.51
52,52,-88.345466,false,東京,2026-02-22,2026-01-01T06:04:00Z,0.52
53,53,-83.226744,true,🙂,2026-02-23,2026-01-01T06:11:00Z,0.53
54,54,-77.276449,false,北京,2026-02-24,2026-01-01T06:18:00Z,0.54
55,55,-70.554033,true,武汉,2026-02-25,2026-01-01T06:25:00Z,0.55
56,56,-63.126664,false,São Paulo,2026-02-26,2026-01-01T06:32:00Z,0.56
57,57,,true,München,2026-02-27,2026-01-01T06:39:00Z,0.57
58,58,-46.460218,false,東京,2026-02-28,2026-01-01T06:46:00Z,0.58
59,59,-37.387666,true,🙂,2026-03-01,2026-01-01T06:53:00Z,0.59
60,60,-27.94155,false,北京,2026-03-02,2026-01-01T07:00:00Z,0.60
61,61,-18.21625,true,武汉,2026-03-03,2026-01-01T07:07:00Z,0.61
62,62,-8.30894,false,São Paulo,2026-03-04,2026-01-01T07:14:00Z,0.62
63,63,1.68139,true,München,2026-03-05,2026-01-01T07:21:00Z,0.63
64,64,11.65492,false,東京,2026-03-06,2026-01-01T07:28:00Z,0.64
65,65,21.511999,true,🙂,2026-03-07,2026-01-01T07:35:00Z,0.65
66,66,31.154136,false,北京,2026-03-08,2026-01-01T07:42:00Z,0.66
67,67,40.484992,true,武汉,2026-03-09,2026-01-01T07:49:00Z,0.67
68,,49.411335,false,São Paulo,2026-03-10,2026-01-01T07:56:00Z,0.68
69,69,57.843976,true,München,2026-03-11,2026-01-01T08:03:00Z,0.69
70,70,65.69866,false,東京,2026-03-12,2026-01-01T08:10:00Z,0.70
71,71,72.896904,true,🙂,2026-03-13,2026-01-01T08:17:00Z,0.71
72,72,79.366786,false,北京,2026-03-14,2026-01-01T08:24:00Z,0.72
73,73,85.043662,true,武汉,2026-03-15,2026-01-01T08:31:00Z,0.73
74,74,89.87081,false,São Paulo,2026-03-16,2026-01-01T08:38:00Z,0.74
75,75,93.799998,true,München,2026-03-17,2026-01-01T08:45:00Z,0.75
76,76,,false,東京,2026-03-18,2026-01-01T08:52:00Z,0.76
77,77,98.816823,true,🙂,2026-03-19,2026-01-01T08:59:00Z,0.77
78,78,99.854335,false,北京,2026-03-20,2026-01-01T09:06:00Z,0.78
79,79,99.894134,true,武汉,2026-03-21,2026-01-01T09:13:00Z,0.79
80,80,98.935825,false,São Paulo,2026-03-22,2026-01-01T09:20:00Z,0.80
81,81,96.988981,true,München,2026-03-23,2026-01-01T09:27:00Z,0.81
82,82,94.073056,false,東京,2026-03-24,2026-01-01T09:34:00Z,0.82
83,83,90.217183,true,🙂,2026-03-25,2026-01-01T09:41:00Z,0.83
84,84,85.459891,false,北京,2026-03-26,2026-01-01T09:48:00Z,0.84
85,,79.848711,true,武汉,2026-03-27,2026-01-01T09:55:00Z,0.85
86,86,73.43971,false,São Paulo,2026-03-28,2026-01-01T10:02:00Z,0.86
87,87,66.296923,true,München,2026-03-29,2026-01-01T10:09:00Z,0.87
88,88,58.491719,false,東京,2026-03-30,2026-01-01T10:16:00Z,0.88
89,89,50.102086,true,🙂,2026-03-31,2026-01-01T10:23:00Z,0.89
90,90,41.211849,false,北京,2026-01-01,2026-01-01T10:30:00Z,0.90
91,91,31.909836,true,武汉,2026-01-02,2026-01-01T10:37:00Z,0.91
92,92,22.288991,false,São Paulo,2026-01-03,2026-01-01T10:44:00Z,0.92
93,93,12.445442,true,München,2026-01-04,2026-01-01T10:51:00Z,0.93
94,94,2.477543,false,東京,2026-01-05,2026-01-01T10:58:00Z,0.94
95,95,,true,🙂,2026-01-06,2026-01-01T11:05:00Z,0.95
96,96,-17.432678,false,北京,2026-01-07,2026-01-01T11:12:00Z,0.96
97,97,-27.176063,true,武汉,2026-01-08,2026-01-01T11:19:00Z,0.97
98,98,-36.647913,false,São Paulo,2026-01-09,2026-01-01T11:26:00Z,0.98
99,99,-45.753589,true,München,2026-01-10,2026-01-01T11:33:00Z,0.99
100,100,-54.402111,false,東京,2026-01-11,2026-01-01T11:40:00Z,1.00
101,101,-62.507065,true,🙂,2026-01-12,2026-01-01T11:47:00Z,1.01
102,,-69.987469,false,北京,2026-01-13,2026-01-01T11:54:00Z,1.02
103,103,-76.768581,true,武汉,2026-01-14,2026-01-01T12:01:00Z,1.03
104,104,-82.782647,false,São Paulo,2026-01-15,2026-01-01T12:08:00Z,1.04
105,105,-87.969576,true,München,2026-01-16,2026-01-01T12:15:00Z,1.05
106,106,-92.277542,false,東京,2026-01-17,2026-01-01T12:22:00Z,1.06
107,107,-95.663502,true,🙂,2026-01-18,2026-01-01T12:29:00Z,1.07
108,108,-98.093623,false,北京,2026-01-19,2026-01-01T12:36:00Z,1.08
109,109,-99.543625,true,武汉,2026-01-20,2026-01-01T12:43:00Z,1.09
110,110,-99.999021,false,São Paulo,2026-01-21,2026-01-01T12:50:00Z,1.10
111,111,-99.455259,true,München,2026-01-22,2026-01-01T12:57:00Z,1.11
112,112,-97.917773,false,東京,2026-01-23,2026-01-01T13:04:00Z,1.12
113,113,-95.401925,true,🙂,2026-01-24,2026-01-01T13:11:00Z,1.13
114,114,,false,北京,2026-01-25,2026-01-01T13:18:00Z,1.14
115,115,-87.545217,true,武汉,2026-01-26,2026-01-01T13:25:00Z,1.15
116,116,-82.282859,false,São Paulo,2026-01-27,2026-01-01T13:32:00Z,1.16
117,117,-76.198358,true,München,2026-01-28,2026-01-01T13:39:00Z,1.17
118,118,-69.352508,false,東京,2026-01-29,2026-01-01T13:46:00Z,1.18
119,,-61.813711,true,🙂,2026-01-30,2026-01-01T13:53:00Z,1.19
120,120,-53.657292,false,北京,2026-01-31,2026-01-01T14:00:00Z,1.20
121,121,-44.964746,true,武汉,2026-02-01,2026-01-01T14:07:00Z,1.21
122,122,-35.822928,false,São Paulo,2026-02-02,2026-01-01T14:14:00Z,1.22
123,123,-26.323179,true,München,2026-02-03,2026-01-01T14:21:00Z,1.23
124,124,-16.560418,false,東京,2026-02-04,2026-01-01T14:28:00Z,1.24
125,125,-6.63219,true,🙂,2026-02-05,2026-01-01T14:35:00Z,1.25
126,126,3.362305,false,北京,2026-02-06,2026-01-01T14:42:00Z,1.26
127,127,13.323204,true,武汉,2026-02-07,2026-01-01T14:49:00Z,1.27
128,128,23.150983,false,São Paulo,2026-02-08,2026-01-01T14:56:00Z,1.28
129,129,32.747444,true,München,2026-02-09,2026-01-01T15:03:00Z,1.29
130,130,42.016704,false,東京,2026-02-10,2026-01-01T15:10:00Z,1.30
131,131,50.866146,true,🙂,2026-02-11,2026-01-01T15:17:00Z,1.31
132,132,59.207351,false,北京,2026-02-12,2026-01-01T15:24:00Z,1.32
133,133,,true,武汉,2026-02-13,2026-01-01T15:31:00Z,1.33
134,134,74.037589,false,São Paulo,2026-02-14,2026-01-01T15:38:00Z,1.34
135,135,80.378443,true,München,2026-02-15,2026-01-01T15:45:00Z,1.35
136,,85.916181,false,東京,2026-02-16,2026-01-01T15:52:00Z,1.36
137,137,90.595474,true,🙂,2026-02-17,2026-01-01T15:59:00Z,1.37
138,138,94.369567,false,北京,2026-02-18,2026-01-01T16:06:00Z,1.38
139,139,97.20075,true,武汉,2026-02-19,2026-01-01T16:13:00Z,1.39
140,140,99.060736,false,São Paulo,2026-02-20,2026-01-01T16:20:00Z,1.40
141,141,99.930939,true,München,2026-02-21,2026-01-01T16:27:00Z,1.41
142,142,99.802665,false,東京,2026-02-22,2026-01-01T16:34:00Z,1.42
143,143,98.677196,true,🙂,2026-02-23,2026-01-01T16:41:00Z,1.43
144,144,96.565778,false,北京,2026-02-24,2026-01-01T16:48:00Z,1.44
145,145,93.489506,true,武汉,2026-02-25,2026-01-01T16:55:00Z,1.45
146,146,89.479117,false,São Paulo,2026-02-26,2026-01-01T17:02:00Z,1.46
147,147,84.574683,true,München,2026-02-27,2026-01-01T17:09:00Z,1.47
148,148,78.825207,false,東京,2026-02-28,2026-01-01T17:16:00Z,1.48
149,149,72.288135,true,🙂,2026-03-01,2026-01-01T17:23:00Z,1.49
150,150,65.028784,false,北京,2026-03-02,2026-01-01T17:30:00Z,1.50
151,151,57.119687,true,武汉,2026-03-03,2026-01-01T17:37:00Z,1.51
152,152,,false,São Paulo,2026-03-04,2026-01-01T17:44:00Z,1.52
153,,39.674057,true,München,2026-03-05,2026-01-01T17:51:00Z,1.53
154,154,30.311836,false,東京,2026-03-06,2026-01-01T17:58:00Z,1.54
155,155,20.646748,true,🙂,2026-03-07,2026-01-01T18:05:00Z,1.55
156,156,10.775365,false,北京,2026-03-08,2026-01-01T18:12:00Z,1.56
157,157,0.796318,true,武汉,2026-03-09,2026-01-01T18:19:00Z,1.57
158,158,-9.190685,false,São Paulo,2026-03-10,2026-01-01T18:26:00Z,1.58
159,159,-19.085858,true,München,2026-03-11,2026-01-01T18:33:00Z,1.59
160,160,-28.790332,false,東京,2026-03-12,2026-01-01T18:40:00Z,1.60
161,161,-38.207142,true,🙂,2026-03-13,2026-01-01T18:47:00Z,1.61
162,162,-47.242199,false,北京,2026-03-14,2026-01-01T18:54:00Z,1.62
163,163,-55.805227,true,武汉,2026-03-15,2026-01-01T19:01:00Z,1.63
164,164,-63.810668,false,São Paulo,2026-03-16,2026-01-01T19:08:00Z,1.64
165,165,-71.178534,true,München,2026-03-17,2026-01-01T19:15:00Z,1.65
166,166,-77.835208,false,東京,2026-03-18,2026-01-01T19:22:00Z,1.66
167,167,-83.714178,true,🙂,2026-03-19,2026-01-01T19:29:00Z,1.67
168,168,-88.756703,false,北京,2026-03-20,2026-01-01T19:36:00Z,1.68
169,169,-92.912401,true,武汉,2026-03-21,2026-01-01T19:43:00Z,1.69
170,,-96.139749,false,São Paulo,2026-03-22,2026-01-01T19:50:00Z,1.70
171,171,,true,München,2026-03-23,2026-01-01T19:57:00Z,1.71
172,172,-99.690007,false,東京,2026-03-24,2026-01-01T20:04:00Z,1.72
173,173,-99.977443,true,🙂,2026-03-25,2026-01-01T20:11:00Z,1.73
174,174,-99.265938,false,北京,2026-03-26,2026-01-01T20:18:00Z,1.74
175,175,-97.562601,true,武汉,2026-03-27,2026-01-01T20:25:00Z,1.75
176,176,-94.88445,false,São Paulo,2026-03-28,2026-01-01T20:32:00Z,1.76
177,177,-91.258245,true,München,2026-03-29,2026-01-01T20:39:00Z,1.77
178,178,-86.720218,false,東京,2026-03-30,2026-01-01T20:46:00Z,1.78
179,179,-81.315711,true,🙂,2026-03-31,2026-01-01T20:53:00Z,1.79
180,180,-75.098725,false,北京,2026-01-01,2026-01-01T21:00:00Z,1.80
181,181,-68.131377,true,武汉,2026-01-02,2026-01-01T21:07:00Z,1.81
182,182,-60.483282,false,São Paulo,2026-01-03,2026-01-01T21:14:00Z,1.82
183,183,-52.230859,true,München,2026-01-04,2026-01-01T21:21:00Z,1.83
184,184,-43.456562,false,東京,2026-01-05,2026-01-01T21:28:00Z,1.84
185,185,-34.248062,true,🙂,2026-01-06,2026-01-01T21:35:00Z,1.85
186,186,-24.697366,false,北京,2026-01-07,2026-01-01T21:42:00Z,1.86
187,,-14.899903,true,武汉,2026-01-08,2026-01-01T21:49:00Z,1.87
188,188,-4.953564,false,São Paulo,2026-01-09,2026-01-01T21:56:00Z,1.88
189,189,5.042269,true,München,2026-01-10,2026-01-01T22:03:00Z,1.89
190,190,,false,東京,2026-01-11,2026-01-01T22:10:00Z,1.90
191,191,24.783421,true,🙂,2026-01-12,2026-01-01T22:17:00Z,1.91
192,192,34.331493,false,北京,2026-01-13,2026-01-01T22:24:00Z,1.92
193,193,43.536536,true,武汉,2026-01-14,2026-01-01T22:31:00Z,1.93
194,194,52.306577,false,São Paulo,2026-01-15,2026-01-01T22:38:00Z,1.94
195,195,60.553987,true,München,2026-01-16,2026-01-01T22:45:00Z,1.95
196,196,68.196362,false,東京,2026-01-17,2026-01-01T22:52:00Z,1.96
197,197,75.157342,true,🙂,2026-01-18,2026-01-01T22:59:00Z,1.97
198,198,81.367374,false,北京,2026-01-19,2026-01-01T23:06:00Z,1.98
199,199,86.76441,true,武汉,2026-01-20,2026-01-01T23:13:00Z,1.99
200,200,91.294525,false,São Paulo,2026-01-21,2026-01-01T23:20:00Z,2.00
201,201,94.912455,true,München,2026-01-22,2026-01-01T23:27:00Z,2.01
202,202,97.582052,false,東京,2026-01-23,2026-01-01T23:34:00Z,2.02
203,203,99.276641,true,🙂,2026-01-24,2026-01-01T23:41:00Z,2.03
204,,99.97929,false,北京,2026-01-25,2026-01-01T23:48:00Z,2.04
205,205,99.682979,true,武汉,2026-01-26,2026-01-01T23:55:00Z,2.05
206,206,98.390669,false,São Paulo,2026-01-27,2026-01-02T00:02:00Z,2.06
207,207,96.115272,true,München,2026-01-28,2026-01-02T00:09:00Z,2.07
208,208,92.879523,false,東京,2026-01-29,2026-01-02T00:16:00Z,2.08
209,209,,true,🙂,2026-01-30,2026-01-02T00:23:00Z,2.09
210,210,83.665564,false,北京,2026-01-31,2026-01-02T00:30:00Z,2.10
211,211,77.779416,true,武汉,2026-02-01,2026-01-02T00:37:00Z,2.11
212,212,71.116122,false,São Paulo,2026-02-02,2026-01-02T00:44:00Z,2.12
213,213,63.74226,true,München,2026-02-03,2026-01-02T00:51:00Z,2.13
214,214,55.731505,false,東京,2026-02-04,2026-01-02T00:58:00Z,2.14
215,215,47.1639,true,🙂,2026-02-05,2026-01-02T01:05:00Z,2.15
216,216,38.125049,false,北京,2026-02-06,2026-01-02T01:12:00Z,2.16
217,217,28.705265,true,武汉,2026-02-07,2026-01-02T01:19:00Z,2.17
218,218,18.998668,false,São Paulo,2026-02-08,2026-01-02T01:26:00Z,2.18
219,219,9.102242,true,München,2026-02-09,2026-01-02T01:33:00Z,2.19
220,220,-0.885131,false,東京,2026-02-10,2026-01-02T01:40:00Z,2.20
221,,-10.86366,true,🙂,2026-02-11,2026-01-02T01:47:00Z,2.21
222,222,-20.733642,false,北京,2026-02-12,2026-01-02T01:54:00Z,2.22
223,223,-30.396461,true,武汉,2026-02-13,2026-01-02T02:01:00Z,2.23
224,224,-39.755568,false,São Paulo,2026-02-14,2026-01-02T02:08:00Z,2.24
225,225,-48.717451,true,München,2026-02-15,2026-01-02T02:15:00Z,2.25
226,226,-57.192566,false,東京,2026-02-16,2026-01-02T02:22:00Z,2.26
227,227,-65.096231,true,🙂,2026-02-17,2026-01-02T02:29:00Z,2.27
228,228,,false,北京,2026-02-18,2026-01-02T02:36:00Z,2.28
229,229,-78.879829,true,武汉,2026-02-19,2026-01-02T02:43:00Z,2.29
230,230,-84.62204,false,São Paulo,2026-02-20,2026-01-02T02:50:00Z,2.30
231,231,-89.518737,true,München,2026-02-21,2026-01-02T02:57:00Z,2.31
232,232,-93.520992,false,東京,2026-02-22,2026-01-02T03:04:00Z,2.32
233,233,-96.588815,true,🙂,2026-02-23,2026-01-02T03:11:00Z,2.33
234,234,-98.691556,false,北京,2026-02-24,2026-01-02T03:18:00Z,2.34
235,235,-99.808203,true,武汉,2026-02-25,2026-01-02T03:25:00Z,2.35
236,236,-99.927599,false,São Paulo,2026-02-26,2026-01-02T03:32:00Z,2.36
237,237,-99.048552,true,München,2026-02-27,2026-01-02T03:39:00Z,2.37
238,,-97.179845,false,東京,2026-02-28,2026-01-02T03:46:00Z,2.38
239,239,-94.340148,true,🙂,2026-03-01,2026-01-02T03:53:00Z,2.39
240,240,-90.557836,false,北京,2026-03-02,2026-01-02T04:00:00Z,2.40
241,241,-85.8707,true,武汉,2026-03-03,2026-01-02T04:07:00Z,2.41
242,242,-80.325573,false,São Paulo,2026-03-04,2026-01-02T04:14:00Z,2.42
243,243,-73.977859,true,München,2026-03-05,2026-01-02T04:21:00Z,2.43
244,244,-66.890982,false,東京,2026-03-06,2026-01-02T04:28:00Z,2.44
245,245,-59.135753,true,🙂,2026-03-07,2026-01-02T04:35:00Z,2.45
246,246,-50.789659,false,北京,2026-03-08,2026-01-02T04:42:00Z,2.46
247,247,,true,武汉,2026-03-09,2026-01-02T04:49:00Z,2.47
248,248,-32.663513,false,São Paulo,2026-03-10,2026-01-02T04:56:00Z,2.48
249,249,-23.064571,true,München,2026-03-11,2026-01-02T05:03:00Z,2.49
250,250,-13.235175,false,東京,2026-03-12,2026-01-02T05:10:00Z,2.50
251,251,-3.273538,true,🙂,2026-03-13,2026-01-02T05:17:00Z,2.51
252,252,6.720807,false,北京,2026-03-14,2026-01-02T05:24:00Z,2.52
253,253,16.648,true,武汉,2026-03-15,2026-01-02T05:31:00Z,2.53
254,254,26.408852,false,São Paulo,2026-03-16,2026-01-02T05:38:00Z,2.54
255,,35.905835,true,München,2026-03-17,2026-01-02T05:45:00Z,2.55
256,256,45.044059,false,東京,2026-03-18,2026-01-02T05:52:00Z,2.56
257,257,53.732218,true,🙂,2026-03-19,2026-01-02T05:59:00Z,2.57
258,258,61.883502,false,北京,2026-03-20,2026-01-02T06:06:00Z,2.58
259,259,69.416467,true,武汉,2026-03-21,2026-01-02T06:13:00Z,2.59
260,260,76.255845,false,São Paulo,2026-03-22,2026-01-02T06:20:00Z,2.60
261,261,82.3333,true,München,2026-03-23,2026-01-02T06:27:00Z,2.61
262,262,87.588108,false,東京,2026-03-24,2026-01-02T06:34:00Z,2.62
263,263,91.967764,true,🙂,2026-03-25,2026-01-02T06:41:00Z,2.63
264,264,95.428509,false,北京,2026-03-26,2026-01-02T06:48:00Z,2.64
265,265,97.935764,true,武汉,2026-03-27,2026-01-02T06:55:00Z,2.65
266,266,,false,São Paulo,2026-03-28,2026-01-02T07:02:00Z,2.66
267,267,99.999374,true,München,2026-03-29,2026-01-02T07:09:00Z,2.67
268,268,99.53511,false,東京,2026-03-30,2026-01-02T07:16:00Z,2.68
269,269,98.076325,true,🙂,2026-03-31,2026-01-02T07:23:00Z,2.69
270,270,95.637593,false,北京,2026-01-01,2026-01-02T07:30:00Z,2.70
271,271,92.243282,true,武汉,2026-01-02,2026-01-02T07:37:00Z,2.71
272,,87.927306,false,São Paulo,2026-01-03,2026-01-02T07:44:00Z,2.72
273,273,82.73279,true,München,2026-01-04,2026-01-02T07:51:00Z,2.73
274,274,76.711635,false,東京,2026-01-05,2026-01-02T07:58:00Z,2.74
275,275,69.924003,true,🙂,2026-01-06,2026-01-02T08:05:00Z,2.75
276,276,62.437714,false,北京,2026-01-07,2026-01-02T08:12:00Z,2.76
277,277,54.327567,true,武汉,2026-01-08,2026-01-02T08:19:00Z,2.77
278,278,45.674597,false,São Paulo,2026-01-09,2026-01-02T08:26:00Z,2.78
279,279,36.565262,true,München,2026-01-10,2026-01-02T08:33:00Z,2.79
280,280,27.090579,false,東京,2026-01-11,2026-01-02T08:40:00Z,2.80
281,281,17.345216,true,🙂,2026-01-12,2026-01-02T08:47:00Z,2.81
282,282,7.426545,false,北京,2026-01-13,2026-01-02T08:54:00Z,2.82
283,283,-2.56633,true,武汉,2026-01-14,2026-01-02T09:01:00Z,2.83
284,284,-12.533563,false,São Paulo,2026-01-15,2026-01-02T09:08:00Z,2.84
285,285,,true,München,2026-01-16,2026-01-02T09:15:00Z,2.85
286,286,-31.993996,false,東京,2026-01-17,2026-01-02T09:22:00Z,2.86
287,287,-41.292755,true,🙂,2026-01-18,2026-01-02T09:29:00Z,2.87
288,288,-50.17893,false,北京,2026-01-19,2026-01-02T09:36:00Z,2.88
289,,-58.563734,true,武汉,2026-01-20,2026-01-02T09:43:00Z,2.89
290,290,-66.363388,false,São Paulo,2026-01-21,2026-01-02T09:50:00Z,2.90
291,291,-73.499962,true,München,2026-01-22,2026-01-02T09:57:00Z,2.91
292,292,-79.902148,false,東京,2026-01-23,2026-01-02T10:04:00Z,2.92
293,293,-85.505978,true,🙂,2026-01-24,2026-01-02T10:11:00Z,2.93
294,294,-90.255461,false,北京,2026-01-25,2026-01-02T10:18:00Z,2.94
295,295,-94.103141,true,武汉,2026-01-26,2026-01-02T10:25:00Z,2.95
296,296,-97.010573,false,São Paulo,2026-01-27,2026-01-02T10:32:00Z,2.96
297,297,-98.948708,true,München,2026-01-28,2026-01-02T10:39:00Z,2.97
298,298,-99.89818,false,東京,2026-01-29,2026-01-02T10:46:00Z,2.98
299,299,-99.849503,true,🙂,2026-01-30,2026-01-02T10:53:00Z,2.99
300,300,-98.803162,false,北京,2026-01-31,2026-01-02T11:00:00Z,3.00
301,301,-96.769613,true,武汉,2026-02-01,2026-01-02T11:07:00Z,3.01
302,302,-93.769174,false,São Paulo,2026-02-02,2026-01-02T11:14:00Z,3.02
303,303,-89.831824,true,München,2026-02-03,2026-01-02T11:21:00Z,3.03
304,304,,false,東京,2026-02-04,2026-01-02T11:28:00Z,3.04
305,305,-79.312724,true,🙂,2026-02-05,2026-01-02T11:35:00Z,3.05
306,,-72.836077,false,北京,2026-02-06,2026-01-02T11:42:00Z,3.06
307,307,-65.631676,true,武汉,2026-02-07,2026-01-02T11:49:00Z,3.07
308,308,-57.771504,false,São Paulo,2026-02-08,2026-01-02T11:56:00Z,3.08
309,309,-49.334099,true,München,2026-02-09,2026-01-02T12:03:00Z,3.09
310,310,-40.403765,false,東京,2026-02-10,2026-01-02T12:10:00Z,3.10
311,311,-31.069729,true,🙂,2026-02-11,2026-01-02T12:17:00Z,3.11
312,312,-21.425254,false,北京,2026-02-12,2026-01-02T12:24:00Z,3.12
313,313,-11.566705,true,武汉,2026-02-13,2026-01-02T12:31:00Z,3.13
314,314,-1.592586,false,São Paulo,2026-02-14,2026-01-02T12:38:00Z,3.14
315,315,8.397446,true,München,2026-02-15,2026-01-02T12:45:00Z,3.15
316,316,18.303573,false,東京,2026-02-16,2026-01-02T12:52:00Z,3.16
317,317,28.026817,true,🙂,2026-02-17,2026-01-02T12:59:00Z,3.17
318,318,37.470026,false,北京,2026-02-18,2026-01-02T13:06:00Z,3.18
319,319,46.538848,true,武汉,2026-02-19,2026-01-02T13:13:00Z,3.19
320,320,55.142668,false,São Paulo,2026-02-20,2026-01-02T13:20:00Z,3.20
321,321,63.195521,true,München,2026-02-21,2026-01-02T13:27:00Z,3.21
322,322,70.616946,false,東京,2026-02-22,2026-01-02T13:34:00Z,3.22
323,,,true,🙂,2026-02-23,2026-01-02T13:41:00Z,3.23
324,324,83.275949,false,北京,2026-02-24,2026-01-02T13:48:00Z,3.24
325,325,88.387042,true,武汉,2026-02-25,2026-01-02T13:55:00Z,3.25
326,326,92.615002,false,São Paulo,2026-02-26,2026-01-02T14:02:00Z,3.26
327,327,95.917583,true,München,2026-02-27,2026-01-02T14:09:00Z,3.27
328,328,98.261788,false,東京,2026-02-28,2026-01-02T14:16:00Z,3.28
329,329,99.624193,true,🙂,2026-03-01,2026-01-02T14:23:00Z,3.29
330,330,99.991186,false,北京,2026-03-02,2026-01-02T14:30:00Z,3.30
331,331,99.3591,true,武汉,2026-03-03,2026-01-02T14:37:00Z,3.31
332,332,97.734251,false,São Paulo,2026-03-04,2026-01-02T14:44:00Z,3.32
333,333,95.132874,true,München,2026-03-05,2026-01-02T14:51:00Z,3.33
334,334,91.58096,false,東京,2026-03-06,2026-01-02T14:58:00Z,3.34
335,335,87.114,true,🙂,2026-03-07,2026-01-02T15:05:00Z,3.35
336,336,81.776625,false,北京,2026-03-08,2026-01-02T15:12:00Z,3.36
337,337,75.622166,true,武汉,2026-03-09,2026-01-02T15:19:00Z,3.37
338,338,68.712115,false,São Paulo,2026-03-10,2026-01-02T15:26:00Z,3.38
339,339,61.115515,true,München,2026-03-11,2026-01-02T15:33:00Z,3.39
340,,52.908269,false,東京,2026-03-12,2026-01-02T15:40:00Z,3.40
341,341,44.172381,true,🙂,2026-03-13,2026-01-02T15:47:00Z,3.41
342,342,,false,北京,2026-03-14,2026-01-02T15:54:00Z,3.42
343,343,25.468233,true,武汉,2026-03-15,2026-01-02T16:01:00Z,3.43
344,344,15.68686,false,São Paulo,2026-03-16,2026-01-02T16:08:00Z,3.44
345,345,5.748748,true,München,2026-03-17,2026-01-02T16:15:00Z,3.45
346,346,-4.246803,false,東京,2026-03-18,2026-01-02T16:22:00Z,3.46
347,347,-14.199922,true,🙂,2026-03-19,2026-01-02T16:29:00Z,3.47
348,348,-24.01116,false,北京,2026-03-20,2026-01-02T16:36:00Z,3.48
349,349,-33.582486,true,武汉,2026-03-21,2026-01-02T16:43:00Z,3.49
350,350,-42.818267,false,São Paulo,2026-03-22,2026-01-02T16:50:00Z,3.50
351,351,-51.626222,true,München,2026-03-23,2026-01-02T16:57:00Z,3.51
352,352,-59.918345,false,東京,2026-03-24,2026-01-02T17:04:00Z,3.52
353,353,-67.611784,true,🙂,2026-03-25,2026-01-02T17:11:00Z,3.53
354,354,-74.629668,false,北京,2026-03-26,2026-01-02T17:18:00Z,3.54
355,355,-80.901877,true,武汉,2026-03-27,2026-01-02T17:25:00Z,3.55
356,356,-86.365741,false,São Paulo,2026-03-28,2026-01-02T17:32:00Z,3.56
357,,-90.966667,true,München,2026-03-29,2026-01-02T17:39:00Z,3.57
358,358,-94.658685,false,東京,2026-03-30,2026-01-02T17:46:00Z,3.58
359,359,-97.404904,true,🙂,2026-03-31,2026-01-02T17:53:00Z,3.59
360,360,-99.177885,false,北京,2026-01-01,2026-01-02T18:00:00Z,3.60
361,361,,true,武汉,2026-01-02,2026-01-02T18:07:00Z,3.61
362,362,-99.743177,false,São Paulo,2026-01-03,2026-01-02T18:14:00Z,3.62
363,363,-98.529838,true,München,2026-01-04,2026-01-02T18:21:00Z,3.63
364,364,-96.332022,false,東京,2026-01-05,2026-01-02T18:28:00Z,3.64
365,365,-93.171689,true,🙂,2026-01-06,2026-01-02T18:35:00Z,3.65
366,366,-89.080414,false,北京,2026-01-07,2026-01-02T18:42:00Z,3.66
367,367,-84.099078,true,武汉,2026-01-08,2026-01-02T18:49:00Z,3.67
368,368,-78.277451,false,São Paulo,2026-01-09,2026-01-02T18:56:00Z,3.68
369,369,-71.673702,true,München,2026-01-10,2026-01-02T19:03:00Z,3.69
370,370,-64.353813,false,東京,2026-01-11,2026-01-02T19:10:00Z,3.70
371,371,-56.390922,true,🙂,2026-01-12,2026-01-02T19:17:00Z,3.71
372,372,-47.864592,false,北京,2026-01-13,2026-01-02T19:24:00Z,3.72
373,373,-38.860014,true,武汉,2026-01-14,2026-01-02T19:31:00Z,3.73
374,,-29.46716,false,São Paulo,2026-01-15,2026-01-02T19:38:00Z,3.74
375,375,-19.77988,true,München,2026-01-16,2026-01-02T19:45:00Z,3.75
376,376,-9.894966,false,東京,2026-01-17,2026-01-02T19:52:00Z,3.76
377,377,0.088816,true,🙂,2026-01-18,2026-01-02T19:59:00Z,3.77
378,378,10.07171,false,北京,2026-01-19,2026-01-02T20:06:00Z,3.78
379,379,19.953971,true,武汉,2026-01-20,2026-01-02T20:13:00Z,3.79
380,380,,false,São Paulo,2026-01-21,2026-01-02T20:20:00Z,3.80
381,381,39.023624,true,München,2026-01-22,2026-01-02T20:27:00Z,3.81
382,382,48.020478,false,東京,2026-01-23,2026-01-02T20:34:00Z,3.82
383,383,56.537528,true,🙂,2026-01-24,2026-01-02T20:41:00Z,3.83
384,384,64.489673,false,北京,2026-01-25,2026-01-02T20:48:00Z,3.84
385,385,71.797459,true,武汉,2026-01-26,2026-01-02T20:55:00Z,3.85
386,386,78.387869,false,São Paulo,2026-01-27,2026-01-02T21:02:00Z,3.86
387,387,84.195053,true,München,2026-01-28,2026-01-02T21:09:00Z,3.87
388,388,89.160987,false,東京,2026-01-29,2026-01-02T21:16:00Z,3.88
389,389,93.236055,true,🙂,2026-01-30,2026-01-02T21:23:00Z,3.89
390,390,96.379539,false,北京,2026-01-31,2026-01-02T21:30:00Z,3.90
391,,98.56003,true,武汉,2026-02-01,2026-01-02T21:37:00Z,3.91
392,392,99.755742,false,São Paulo,2026-02-02,2026-01-02T21:44:00Z,3.92
393,393,99.954728,true,München,2026-02-03,2026-01-02T21:51:00Z,3.93
394,394,99.154999,false,東京,2026-02-04,2026-01-02T21:58:00Z,3.94
395,395,97.364546,true,🙂,2026-02-05,2026-01-02T22:05:00Z,3.95
396,396,94.601258,false,北京,2026-02-06,2026-01-02T22:12:00Z,3.96
397,397,90.892746,true,武汉,2026-02-07,2026-01-02T22:19:00Z,3.97
398,398,86.276064,false,São Paulo,2026-02-08,2026-01-02T22:26:00Z,3.98
399,399,,true,München,2026-02-09,2026-01-02T22:33:00Z,3.99
400,400,74.511316,false,東京,2026-02-10,2026-01-02T22:40:00Z,4.00
401,401,67.480799,true,🙂,2026-02-11,2026-01-02T22:47:00Z,4.01
402,402,59.776037,false,北京,2026-02-12,2026-01-02T22:54:00Z,4.02
403,403,51.474012,true,武汉,2026-02-13,2026-01-02T23:01:00Z,4.03
404,404,42.657675,false,São Paulo,2026-02-14,2026-01-02T23:08:00Z,4.04
405,405,33.415118,true,München,2026-02-15,2026-01-02T23:15:00Z,4.05
406,406,23.838687,false,東京,2026-02-16,2026-01-02T23:22:00Z,4.06
407,407,14.024068,true,🙂,2026-02-17,2026-01-02T23:29:00Z,4.07
408,,4.069326,false,北京,2026-02-18,2026-01-02T23:36:00Z,4.08
409,409,-5.926076,true,武汉,2026-02-19,2026-01-02T23:43:00Z,4.09
410,410,-15.862267,false,São Paulo,2026-02-20,2026-01-02T23:50:00Z,4.10
411,411,-25.639967,true,München,2026-02-21,2026-01-02T23:57:00Z,4.11
412,412,-35.161481,false,東京,2026-02-22,2026-01-03T00:04:00Z,4.12
413,413,-44.331673,true,🙂,2026-02-23,2026-01-03T00:11:00Z,4.13
414,414,-53.058918,false,北京,2026-02-24,2026-01-03T00:18:00Z,4.14
415,415,-61.256015,true,武汉,2026-02-25,2026-01-03T00:25:00Z,4.15
416,416,-68.841063,false,São Paulo,2026-02-26,2026-01-03T00:32:00Z,4.16
417,417,-75.738273,true,München,2026-02-27,2026-01-03T00:39:00Z,4.17
418,418,,false,東京,2026-02-28,2026-01-03T00:46:00Z,4.18
419,419,-87.201086,true,🙂,2026-03-01,2026-01-03T00:53:00Z,4.19
420,420,-91.652155,false,北京,2026-03-02,2026-01-03T01:00:00Z,4.20
421,421,-95.187466,true,武汉,2026-03-03,2026-01-03T01:07:00Z,4.21
422,422,-97.771695,false,São Paulo,2026-03-04,2026-01-03T01:14:00Z,4.22
423,423,-99.379022,true,München,2026-03-05,2026-01-03T01:21:00Z,4.23
424,424,-99.993387,false,東京,2026-03-06,2026-01-03T01:28:00Z,4.24
425,,-99.60865,true,🙂,2026-03-07,2026-01-03T01:35:00Z,4.25
426,426,-98.228657,false,北京,2026-03-08,2026-01-03T01:42:00Z,4.26
427,427,-95.867196,true,武汉,2026-03-09,2026-01-03T01:49:00Z,4.27
428,428,-92.547861,false,São Paulo,2026-03-10,2026-01-03T01:56:00Z,4.28
429,429,-88.303819,true,München,2026-03-11,2026-01-03T02:03:00Z,4.29
430,430,-83.177474,false,東京,2026-03-12,2026-01-03T02:10:00Z,4.30
431,431,-77.220048,true,🙂,2026-03-13,2026-01-03T02:17:00Z,4.31
432,432,-70.491064,false,北京,2026-03-14,2026-01-03T02:24:00Z,4.32
433,433,-63.057756,true,武汉,2026-03-15,2026-01-03T02:31:00Z,4.33
434,434,-54.994397,false,São Paulo,2026-03-16,2026-01-03T02:38:00Z,4.34
435,435,-46.381552,true,München,2026-03-17,2026-01-03T02:45:00Z,4.35
436,436,-37.305277,false,東京,2026-03-18,2026-01-03T02:52:00Z,4.36
437,437,,true,🙂,2026-03-19,2026-01-03T02:59:00Z,4.37
438,438,-18.128914,false,北京,2026-03-20,2026-01-03T03:06:00Z,4.38
439,439,-8.220428,true,武汉,2026-03-21,2026-01-03T03:13:00Z,4.39
440,440,1.770193,false,São Paulo,2026-03-22,2026-01-03T03:20:00Z,4.40
441,441,11.743126,true,München,2026-03-23,2026-01-03T03:27:00Z,4.41
442,,21.598727,false,東京,2026-03-24,2026-01-03T03:34:00Z,4.42
443,443,31.23852,true,🙂,2026-03-25,2026-01-03T03:41:00Z,4.43
444,444,40.566188,false,北京,2026-03-26,2026-01-03T03:48:00Z,4.44
445,445,49.488532,true,武汉,2026-03-27,2026-01-03T03:55:00Z,4.45
446,446,57.916403,false,São Paulo,2026-03-28,2026-01-03T04:02:00Z,4.46
447,447,65.765592,true,München,2026-03-29,2026-01-03T04:09:00Z,4.47
448,448,72.957674,false,東京,2026-03-30,2026-01-03T04:16:00Z,4.48
449,449,79.420786,true,🙂,2026-03-31,2026-01-03T04:23:00Z,4.49
450,450,85.090352,false,北京,2026-01-01,2026-01-03T04:30:00Z,4.50
451,451,89.909724,true,武汉,2026-01-02,2026-01-03T04:37:00Z,4.51
452,452,93.830747,false,São Paulo,2026-01-03,2026-01-03T04:44:00Z,4.52
453,453,96.814245,true,München,2026-01-04,2026-01-03T04:51:00Z,4.53
454,454,98.830406,false,東京,2026-01-05,2026-01-03T04:58:00Z,4.54
455,455,99.859087,true,🙂,2026-01-06,2026-01-03T05:05:00Z,4.55
456,456,,false,北京,2026-01-07,2026-01-03T05:12:00Z,4.56
457,457,98.922863,true,武汉,2026-01-08,2026-01-03T05:19:00Z,4.57
458,458,96.967312,false,São Paulo,2026-01-09,2026-01-03T05:26:00Z,4.58
459,,94.042896,true,München,2026-01-10,2026-01-03T05:33:00Z,4.59
460,460,90.178835,false,東京,2026-01-11,2026-01-03T05:40:00Z,4.60
461,461,85.413736,true,🙂,2026-01-12,2026-01-03T05:47:00Z,4.61
462,462,79.795212,false,北京,2026-01-13,2026-01-03T05:54:00Z,4.62
463,463,73.3794,true,武汉,2026-01-14,2026-01-03T06:01:00Z,4.63
464,464,66.230405,false,São Paulo,2026-01-15,2026-01-03T06:08:00Z,4.64
465,465,58.419658,true,München,2026-01-16,2026-01-03T06:15:00Z,4.65
466,466,50.025202,false,東京,2026-01-17,2026-01-03T06:22:00Z,4.66
467,467,41.13091,true,🙂,2026-01-18,2026-01-03T06:29:00Z,4.67
468,468,31.825651,false,北京,2026-01-19,2026-01-03T06:36:00Z,4.68
469,469,22.202401,true,武汉,2026-01-20,2026-01-03T06:43:00Z,4.69
470,470,12.357312,false,São Paulo,2026-01-21,2026-01-03T06:50:00Z,4.70
471,471,2.388753,true,München,2026-01-22,2026-01-03T06:57:00Z,4.71
472,472,-7.603674,false,東京,2026-01-23,2026-01-03T07:04:00Z,4.72
473,473,-17.520127,true,🙂,2026-01-24,2026-01-03T07:11:00Z,4.73
474,474,-27.261525,false,北京,2026-01-25,2026-01-03T07:18:00Z,4.74
475,475,,true,武汉,2026-01-26,2026-01-03T07:25:00Z,4.75
476,,-45.832545,false,São Paulo,2026-01-27,2026-01-03T07:32:00Z,4.76
477,477,-54.476612,true,München,2026-01-28,2026-01-03T07:39:00Z,4.77
478,478,-62.576367,false,東京,2026-01-29,2026-01-03T07:46:00Z,4.78
479,479,-70.050879,true,🙂,2026-01-30,2026-01-03T07:53:00Z,4.79
480,480,-76.825466,false,北京,2026-01-31,2026-01-03T08:00:00Z,4.80
481,481,-82.832438,true,武汉,2026-02-01,2026-01-03T08:07:00Z,4.81
482,482,-88.011776,false,São Paulo,2026-02-02,2026-01-03T08:14:00Z,4.82
483,483,-92.31173,true,München,2026-02-03,2026-01-03T08:21:00Z,4.83
484,484,-95.689335,false,東京,2026-02-04,2026-01-03T08:28:00Z,4.84
485,485,-98.110844,true,🙂,2026-02-05,2026-01-03T08:35:00Z,4.85
486,486,-99.552062,false,北京,2026-02-06,2026-01-03T08:42:00Z,4.86
487,487,-99.998588,true,武汉,2026-02-07,2026-01-03T08:49:00Z,4.87
488,488,-99.445962,false,São Paulo,2026-02-08,2026-01-03T08:56:00Z,4.88
489,489,-97.899704,true,München,2026-02-09,2026-01-03T09:03:00Z,4.89
490,490,-95.375265,false,東京,2026-02-10,2026-01-03T09:10:00Z,4.90
491,491,-91.897868,true,🙂,2026-02-11,2026-01-03T09:17:00Z,4.91
492,492,-87.502258,false,北京,2026-02-12,2026-01-03T09:24:00Z,4.92
493,,-82.232354,true,武汉,2026-02-13,2026-01-03T09:31:00Z,4.93
494,494,,false,São Paulo,2026-02-14,2026-01-03T09:38:00Z,4.94
495,495,-69.288495,true,München,2026-02-15,2026-01-03T09:45:00Z,4.95
496,496,-61.743871,false,東京,2026-02-16,2026-01-03T09:52:00Z,4.96
497,497,-53.582323,true,🙂,2026-02-17,2026-01-03T09:59:00Z,4.97
498,498,-44.885398,false,北京,2026-02-18,2026-01-03T10:06:00Z,4.98
499,499,-35.739993,true,武汉,2026-02-19,2026-01-03T10:13:00Z,4.99
500,500,-26.237485,false,São Paulo,2026-02-20,2026-01-03T10:20:00Z,5.00
501,501,-16.472822,true,München,2026-02-21,2026-01-03T10:27:00Z,5.01
502,502,-6.543567,false,東京,2026-02-22,2026-01-03T10:34:00Z,5.02
503,503,3.451069,true,🙂,2026-02-23,2026-01-03T10:41:00Z,5.03
504,504,13.411223,false,北京,2026-02-24,2026-01-03T10:48:00Z,5.04
505,505,23.237376,true,武汉,2026-02-25,2026-01-03T10:55:00Z,5.05
506,506,32.831349,false,São Paulo,2026-02-26,2026-01-03T11:02:00Z,5.06
507,507,42.097283,true,München,2026-02-27,2026-01-03T11:09:00Z,5.07
508,508,50.942594,false,東京,2026-02-28,2026-01-03T11:16:00Z,5.08
509,509,59.278903,true,🙂,2026-03-01,2026-01-03T11:23:00Z,5.09
510,,67.022918,false,北京,2026-03-02,2026-01-03T11:30:00Z,5.10
511,511,74.097261,true,武汉,2026-03-03,2026-01-03T11:37:00Z,5.11
512,512,80.431249,false,São Paulo,2026-03-04,2026-01-03T11:44:00Z,5.12
